feature,importance,feature_group
receiver_account_outgoing_amount_concentration,0.4815191,receiver_account
receiver_account_total_transactions,0.24963425,receiver_account
amount_vs_sender_average,0.08137351,transaction
sender_account_two_hop_out_neighbors,0.037153333,sender_account
sender_account_first_outgoing_timestamp,0.02607573,sender_account
TX_AMOUNT,0.012336037,transaction
TIMESTAMP,0.011673402,transaction
receiver_account_incoming_amount_concentration,0.010081612,receiver_account
receiver_account_activity_span,0.009803948,receiver_account
sender_account_outgoing_avg_amount,0.009655779,sender_account
sender_account_avg_incoming_velocity,0.00716823,sender_account
receiver_account_fan_in_ratio,0.0058001606,receiver_account
sender_account_two_hop_in_neighbors,0.0050792233,sender_account
sender_account_amount_in_out_ratio,0.0046118707,sender_account
receiver_account_max_incoming_amount,0.004466387,receiver_account
receiver_total_transactions,0.004323668,transaction
sender_account_first_incoming_timestamp,0.0036919075,sender_account
receiver_account_incoming_transactions,0.00355808,receiver_account
sender_total_transactions,0.003438264,transaction
receiver_account_last_outgoing_timestamp,0.0031696404,receiver_account
sender_receiver_amount_ratio,0.0030175387,transaction
sender_account_max_outgoing_amount,0.002260743,sender_account
sender_account_fan_out_ratio,0.0020866743,sender_account
receiver_temporal_concentration,0.002037704,transaction
receiver_account_outgoing_temporal_concentration,0.0018049713,receiver_account
sender_account_amount_imbalance,0.0017822208,sender_account
receiver_account_avg_outgoing_velocity,0.0017105883,receiver_account
receiver_account_pagerank,0.0014910414,receiver_account
sender_account_transaction_imbalance,0.0014184294,sender_account
sender_account_shortest_cycle_length,0.001403313,sender_account
receiver_account_neighbor_outgoing_amount,0.0012323358,receiver_account
sender_account_incoming_temporal_concentration,0.0012002292,sender_account
receiver_account_first_outgoing_timestamp,0.0008480946,receiver_account
sender_temporal_concentration,0.000763056,transaction
amount_vs_receiver_average,0.00037763928,transaction
sender_account_incoming_avg_amount,0.00029372927,sender_account
receiver_account_outgoing_transactions,0.0002714926,receiver_account
receiver_account_transaction_imbalance,0.00025141204,receiver_account
receiver_in_degree,0.00023836474,transaction
sender_account_activity_span,0.00022904186,sender_account
sender_account_transaction_in_out_ratio,0.00013818176,sender_account
sender_total_amount,0.00010553243,transaction
sender_account_self_loop_amount,8.199829e-05,sender_account
receiver_account_outgoing_avg_amount,6.3815765e-05,receiver_account
sender_account_total_flow_amount,5.95239e-05,sender_account
receiver_account_graph_weighted_out_degree,4.8626083e-05,receiver_account
sender_account_closeness_centrality,3.2316988e-05,sender_account
receiver_account_transaction_in_out_ratio,2.8855504e-05,receiver_account
receiver_fan_in,2.6486303e-05,transaction
receiver_account_first_incoming_timestamp,2.0761721e-05,receiver_account
receiver_account_fan_in_out_ratio,1.8086897e-05,receiver_account
receiver_account_incoming_activity_span,1.3120192e-05,receiver_account
receiver_account_fan_out_ratio,1.0079843e-05,receiver_account
sender_account_fan_in_out_ratio,8.573225e-06,sender_account
sender_account_last_outgoing_timestamp,8.515871e-06,sender_account
receiver_account_total_flow_amount,2.7752699e-06,receiver_account
sender_account_outgoing_amount,0.0,sender_account
sender_account_fan_out,0.0,sender_account
sender_account_fan_in,0.0,sender_account
sender_account_weighted_out_degree,0.0,sender_account
sender_account_weighted_in_degree,0.0,sender_account
sender_account_outgoing_transactions,0.0,sender_account
receiver_total_amount,0.0,transaction
sender_max_velocity,0.0,transaction
sender_fan_out,0.0,transaction
sender_account_unique_neighbors,0.0,sender_account
sender_account_betweenness_centrality,0.0,sender_account
sender_account_graph_weighted_out_degree,0.0,sender_account
sender_account_pagerank,0.0,sender_account
sender_account_graph_weighted_in_degree,0.0,sender_account
sender_account_graph_out_degree,0.0,sender_account
sender_account_total_transactions,0.0,sender_account
sender_account_graph_in_degree,0.0,sender_account
sender_account_outgoing_amount_concentration,0.0,sender_account
sender_account_incoming_amount_concentration,0.0,sender_account
sender_account_unique_outgoing_counterparties,0.0,sender_account
sender_account_unique_incoming_counterparties,0.0,sender_account
sender_account_max_incoming_amount,0.0,sender_account
sender_account_avg_outgoing_velocity,0.0,sender_account
sender_account_max_outgoing_velocity,0.0,sender_account
sender_account_outgoing_temporal_concentration,0.0,sender_account
sender_account_incoming_activity_span,0.0,sender_account
sender_account_last_incoming_timestamp,0.0,sender_account
sender_account_self_loop_transactions,0.0,sender_account
sender_account_max_incoming_velocity,0.0,sender_account
sender_out_degree,0.0,transaction
receiver_max_velocity,0.0,transaction
sender_account_incoming_amount,0.0,sender_account
sender_account_incoming_transactions,0.0,sender_account
sender_account_out_degree,0.0,sender_account
sender_account_in_degree,0.0,sender_account
receiver_account_outgoing_amount,0.0,receiver_account
receiver_account_in_degree,0.0,receiver_account
receiver_account_out_degree,0.0,receiver_account
sender_account_neighbor_incoming_amount,0.0,sender_account
sender_account_short_cycle_count,0.0,sender_account
sender_account_fan_in_ratio,0.0,sender_account
receiver_account_last_incoming_timestamp,0.0,receiver_account
receiver_account_self_loop_amount,0.0,receiver_account
receiver_account_self_loop_transactions,0.0,receiver_account
receiver_account_weighted_in_degree,0.0,receiver_account
receiver_account_amount_imbalance,0.0,receiver_account
receiver_account_amount_in_out_ratio,0.0,receiver_account
receiver_account_fan_in,0.0,receiver_account
receiver_account_fan_out,0.0,receiver_account
receiver_account_weighted_out_degree,0.0,receiver_account
sender_account_neighbor_outgoing_amount,0.0,sender_account
sender_account_cycle_participation,0.0,sender_account
receiver_account_incoming_amount,0.0,receiver_account
receiver_account_incoming_avg_amount,0.0,receiver_account
receiver_account_max_outgoing_amount,0.0,receiver_account
receiver_account_avg_incoming_velocity,0.0,receiver_account
receiver_account_incoming_temporal_concentration,0.0,receiver_account
receiver_account_graph_in_degree,0.0,receiver_account
receiver_account_unique_outgoing_counterparties,0.0,receiver_account
receiver_account_unique_incoming_counterparties,0.0,receiver_account
receiver_account_max_outgoing_velocity,0.0,receiver_account
receiver_account_max_incoming_velocity,0.0,receiver_account
receiver_account_betweenness_centrality,0.0,receiver_account
receiver_account_graph_weighted_in_degree,0.0,receiver_account
receiver_account_graph_out_degree,0.0,receiver_account
receiver_account_two_hop_in_neighbors,0.0,receiver_account
receiver_account_unique_neighbors,0.0,receiver_account
receiver_account_closeness_centrality,0.0,receiver_account
receiver_account_two_hop_out_neighbors,0.0,receiver_account
receiver_account_shortest_cycle_length,0.0,receiver_account
receiver_account_short_cycle_count,0.0,receiver_account
receiver_account_cycle_participation,0.0,receiver_account
receiver_account_neighbor_incoming_amount,0.0,receiver_account
