TX_ID,SENDER_ACCOUNT_ID,RECEIVER_ACCOUNT_ID,TX_TYPE,TX_AMOUNT,TIMESTAMP,IS_FRAUD,ALERT_ID,RISK_SCORE
2289,55,66,TRANSFER,13.73,27,True,2,0.99986136
2785,53,55,TRANSFER,13.73,32,True,2,0.9999348
3625,66,67,TRANSFER,13.73,41,True,2,0.9992754
3953,67,90,TRANSFER,13.73,44,True,2,0.99308264
4193,90,53,TRANSFER,13.73,47,True,2,0.99988806
5527,24,12,TRANSFER,2.84,63,True,1,0.9999454
6089,9,12,TRANSFER,2.84,70,True,1,0.9999478
6740,42,12,TRANSFER,2.84,77,True,1,0.9999491
7458,95,12,TRANSFER,2.84,84,True,1,0.9999126
9115,24,47,TRANSFER,3.33,103,True,0,0.9999527
9726,17,47,TRANSFER,3.24,110,True,0,0.99994993
10379,74,47,TRANSFER,3.15,117,True,0,0.9999002
10893,57,47,TRANSFER,2.88,124,True,0,0.99995744
15491,81,82,TRANSFER,19.6,182,True,3,0.99905306
15994,43,20,TRANSFER,19.6,188,True,3,0.999705
16195,82,43,TRANSFER,19.6,190,True,3,0.99947816
16543,39,81,TRANSFER,19.6,193,True,3,0.99855894
16737,20,39,TRANSFER,19.6,195,True,3,0.9997892
